INSERT INTO PLAYER (player_id, username, password, administrator) VALUES (1, 'admin', 'password', TRUE);
INSERT INTO PLAYER (player_id, username, password, administrator) VALUES (2, 'dean', '123456', FALSE);

INSERT INTO DECK (deck_id, player_id, deck_name, format) VALUES (1, 1, 'Boros Synthesizer', 'Pauper');
INSERT INTO CARD_IN_DECK (card_in_deck_id, deck_id, card_name, quantity, in_main_deck) VALUES (1, 1, 'Glint Hawk', 4, TRUE);
INSERT INTO CARD_IN_DECK (card_in_deck_id, deck_id, card_name, quantity, in_main_deck) VALUES (2, 1, 'Krark-Clan Shaman', 2, TRUE);
INSERT INTO CARD_IN_DECK (card_in_deck_id, deck_id, card_name, quantity, in_main_deck) VALUES (3, 1, 'Thraben Inspector', 4, TRUE);
INSERT INTO CARD_IN_DECK (card_in_deck_id, deck_id, card_name, quantity, in_main_deck) VALUES (4, 1, 'Dawnbringer Cleric', 2, TRUE);
INSERT INTO CARD_IN_DECK (card_in_deck_id, deck_id, card_name, quantity, in_main_deck) VALUES (5, 1, 'Kor Skyfisher', 4, TRUE);
INSERT INTO CARD_IN_DECK (card_in_deck_id, deck_id, card_name, quantity, in_main_deck) VALUES (6, 1, 'Galvanic Blast', 4, TRUE);
INSERT INTO CARD_IN_DECK (card_in_deck_id, deck_id, card_name, quantity, in_main_deck) VALUES (7, 1, 'Lightning Bolt', 4, TRUE);
INSERT INTO CARD_IN_DECK (card_in_deck_id, deck_id, card_name, quantity, in_main_deck) VALUES (8, 1, 'Foundry Helix', 2, TRUE);
INSERT INTO CARD_IN_DECK (card_in_deck_id, deck_id, card_name, quantity, in_main_deck) VALUES (9, 1, 'Experimental Synthesizer', 4, TRUE);
INSERT INTO CARD_IN_DECK (card_in_deck_id, deck_id, card_name, quantity, in_main_deck) VALUES (10, 1, 'Barbed Batterfist', 2, TRUE);
INSERT INTO CARD_IN_DECK (card_in_deck_id, deck_id, card_name, quantity, in_main_deck) VALUES (11, 1, 'Ichor Wellspring', 3, TRUE);
INSERT INTO CARD_IN_DECK (card_in_deck_id, deck_id, card_name, quantity, in_main_deck) VALUES (12, 1, 'Lembas', 4, TRUE);
INSERT INTO CARD_IN_DECK (card_in_deck_id, deck_id, card_name, quantity, in_main_deck) VALUES (13, 1, 'Makeshift Munitions', 1, TRUE);
INSERT INTO CARD_IN_DECK (card_in_deck_id, deck_id, card_name, quantity, in_main_deck) VALUES (14, 1, 'Ancient Den', 4, TRUE);
INSERT INTO CARD_IN_DECK (card_in_deck_id, deck_id, card_name, quantity, in_main_deck) VALUES (15, 1, 'Great Furnace', 4, TRUE);
INSERT INTO CARD_IN_DECK (card_in_deck_id, deck_id, card_name, quantity, in_main_deck) VALUES (16, 1, 'Mountain', 2, TRUE);
INSERT INTO CARD_IN_DECK (card_in_deck_id, deck_id, card_name, quantity, in_main_deck) VALUES (17, 1, 'Plains', 2, TRUE);
INSERT INTO CARD_IN_DECK (card_in_deck_id, deck_id, card_name, quantity, in_main_deck) VALUES (18, 1, 'Radiant Fountain', 1, TRUE);
INSERT INTO CARD_IN_DECK (card_in_deck_id, deck_id, card_name, quantity, in_main_deck) VALUES (19, 1, 'Rustvale Bridge', 4, TRUE);
INSERT INTO CARD_IN_DECK (card_in_deck_id, deck_id, card_name, quantity, in_main_deck) VALUES (20, 1, 'Wind-Scarred Crag', 3, TRUE);
INSERT INTO CARD_IN_DECK (card_in_deck_id, deck_id, card_name, quantity, in_main_deck) VALUES (21, 1, 'Pyroblast', 4, FALSE);
INSERT INTO CARD_IN_DECK (card_in_deck_id, deck_id, card_name, quantity, in_main_deck) VALUES (22, 1, 'Relic of Progenitus', 2, FALSE);
INSERT INTO CARD_IN_DECK (card_in_deck_id, deck_id, card_name, quantity, in_main_deck) VALUES (23, 1, 'Cast into the Fire', 2, FALSE);
INSERT INTO CARD_IN_DECK (card_in_deck_id, deck_id, card_name, quantity, in_main_deck) VALUES (24, 1, 'Destroy Evil', 4, FALSE);
INSERT INTO CARD_IN_DECK (card_in_deck_id, deck_id, card_name, quantity, in_main_deck) VALUES (25, 1, 'Lone Missionary', 3, FALSE);

INSERT INTO DECK (deck_id, player_id, deck_name, format) VALUES (2, 2, 'Dimir Control', 'Pauper');
INSERT INTO CARD_IN_DECK (card_in_deck_id, deck_id, card_name, quantity, in_main_deck) VALUES (26, 2, 'Augur of Bolas', 4, TRUE);
INSERT INTO CARD_IN_DECK (card_in_deck_id, deck_id, card_name, quantity, in_main_deck) VALUES (27, 2, 'Murmuring Mystic', 2, TRUE);
INSERT INTO CARD_IN_DECK (card_in_deck_id, deck_id, card_name, quantity, in_main_deck) VALUES (28, 2, 'Thorn of the Black Rose', 2, TRUE);
INSERT INTO CARD_IN_DECK (card_in_deck_id, deck_id, card_name, quantity, in_main_deck) VALUES (29, 2, 'Tolarian Terror', 4, TRUE);
INSERT INTO CARD_IN_DECK (card_in_deck_id, deck_id, card_name, quantity, in_main_deck) VALUES (30, 2, 'Brainstorm', 4, TRUE);
INSERT INTO CARD_IN_DECK (card_in_deck_id, deck_id, card_name, quantity, in_main_deck) VALUES (31, 2, 'Dispel', 1, TRUE);
INSERT INTO CARD_IN_DECK (card_in_deck_id, deck_id, card_name, quantity, in_main_deck) VALUES (32, 2, 'Ponder', 3, TRUE);
INSERT INTO CARD_IN_DECK (card_in_deck_id, deck_id, card_name, quantity, in_main_deck) VALUES (33, 2, 'Preordain', 1, TRUE);
INSERT INTO CARD_IN_DECK (card_in_deck_id, deck_id, card_name, quantity, in_main_deck) VALUES (34, 2, 'Spell Pierce', 2, TRUE);
INSERT INTO CARD_IN_DECK (card_in_deck_id, deck_id, card_name, quantity, in_main_deck) VALUES (35, 2, 'Cast Down', 2, TRUE);
INSERT INTO CARD_IN_DECK (card_in_deck_id, deck_id, card_name, quantity, in_main_deck) VALUES (36, 2, 'Counterspell', 4, TRUE);
INSERT INTO CARD_IN_DECK (card_in_deck_id, deck_id, card_name, quantity, in_main_deck) VALUES (37, 2, 'Echoing Decay', 2, TRUE);
INSERT INTO CARD_IN_DECK (card_in_deck_id, deck_id, card_name, quantity, in_main_deck) VALUES (38, 2, 'Unexpected Fangs', 1, TRUE);
INSERT INTO CARD_IN_DECK (card_in_deck_id, deck_id, card_name, quantity, in_main_deck) VALUES (39, 2, 'Suffocating Fumes', 1, TRUE);
INSERT INTO CARD_IN_DECK (card_in_deck_id, deck_id, card_name, quantity, in_main_deck) VALUES (40, 2, 'Snuff Out', 4, TRUE);
INSERT INTO CARD_IN_DECK (card_in_deck_id, deck_id, card_name, quantity, in_main_deck) VALUES (41, 2, 'Lorien Revealed', 4, TRUE);
INSERT INTO CARD_IN_DECK (card_in_deck_id, deck_id, card_name, quantity, in_main_deck) VALUES (42, 2, 'Bojuka Bog', 1, TRUE);
INSERT INTO CARD_IN_DECK (card_in_deck_id, deck_id, card_name, quantity, in_main_deck) VALUES (43, 2, 'Contaminated Aquifer', 4, TRUE);
INSERT INTO CARD_IN_DECK (card_in_deck_id, deck_id, card_name, quantity, in_main_deck) VALUES (44, 2, 'Island', 10, TRUE);
INSERT INTO CARD_IN_DECK (card_in_deck_id, deck_id, card_name, quantity, in_main_deck) VALUES (45, 2, 'Maestros Theater', 2, TRUE);
INSERT INTO CARD_IN_DECK (card_in_deck_id, deck_id, card_name, quantity, in_main_deck) VALUES (46, 2, 'Swamp', 2, TRUE);
INSERT INTO CARD_IN_DECK (card_in_deck_id, deck_id, card_name, quantity, in_main_deck) VALUES (47, 2, 'Blue Elemental Blast', 4, FALSE);
INSERT INTO CARD_IN_DECK (card_in_deck_id, deck_id, card_name, quantity, in_main_deck) VALUES (48, 2, 'Hydroblast', 1, FALSE);
INSERT INTO CARD_IN_DECK (card_in_deck_id, deck_id, card_name, quantity, in_main_deck) VALUES (49, 2, 'Nihil Spellbomb', 1, FALSE);
INSERT INTO CARD_IN_DECK (card_in_deck_id, deck_id, card_name, quantity, in_main_deck) VALUES (50, 2, 'Rotten Reunion', 1, FALSE);
INSERT INTO CARD_IN_DECK (card_in_deck_id, deck_id, card_name, quantity, in_main_deck) VALUES (51, 2, 'Steel Sabotage', 2, FALSE);
INSERT INTO CARD_IN_DECK (card_in_deck_id, deck_id, card_name, quantity, in_main_deck) VALUES (52, 2, 'Chainer''s Edict', 2, FALSE);
INSERT INTO CARD_IN_DECK (card_in_deck_id, deck_id, card_name, quantity, in_main_deck) VALUES (53, 2, 'Echoing Decay', 1, FALSE);
INSERT INTO CARD_IN_DECK (card_in_deck_id, deck_id, card_name, quantity, in_main_deck) VALUES (54, 2, 'Unexpected Fangs', 1, FALSE);
INSERT INTO CARD_IN_DECK (card_in_deck_id, deck_id, card_name, quantity, in_main_deck) VALUES (55, 2, 'Drown in Sorrow', 1, FALSE);
INSERT INTO CARD_IN_DECK (card_in_deck_id, deck_id, card_name, quantity, in_main_deck) VALUES (56, 2, 'Thorn of the Black Rose', 1, FALSE);

INSERT INTO DECK (deck_id, player_id, deck_name, format) VALUES (3, 2, 'Amulet Titan', 'Modern');
INSERT INTO CARD_IN_DECK (card_in_deck_id, deck_id, card_name, quantity, in_main_deck) VALUES (57, 3, 'Arboreal Grazer', 4, TRUE);
INSERT INTO CARD_IN_DECK (card_in_deck_id, deck_id, card_name, quantity, in_main_deck) VALUES (58, 3, 'Azusa, Lost but Seeking', 1, TRUE);
INSERT INTO CARD_IN_DECK (card_in_deck_id, deck_id, card_name, quantity, in_main_deck) VALUES (59, 3, 'Dryad of the Ilysian Grove', 4, TRUE);
INSERT INTO CARD_IN_DECK (card_in_deck_id, deck_id, card_name, quantity, in_main_deck) VALUES (60, 3, 'Primeval Titan', 4, TRUE);
INSERT INTO CARD_IN_DECK (card_in_deck_id, deck_id, card_name, quantity, in_main_deck) VALUES (61, 3, 'Cultivator Colossus', 1, TRUE);
INSERT INTO CARD_IN_DECK (card_in_deck_id, deck_id, card_name, quantity, in_main_deck) VALUES (62, 3, 'Summoner''s Pact', 4, TRUE);
INSERT INTO CARD_IN_DECK (card_in_deck_id, deck_id, card_name, quantity, in_main_deck) VALUES (63, 3, 'Amulet of Vigor', 4, TRUE);
INSERT INTO CARD_IN_DECK (card_in_deck_id, deck_id, card_name, quantity, in_main_deck) VALUES (64, 3, 'Expedition Map', 1, TRUE);
INSERT INTO CARD_IN_DECK (card_in_deck_id, deck_id, card_name, quantity, in_main_deck) VALUES (65, 3, 'The One Ring', 4, TRUE);
INSERT INTO CARD_IN_DECK (card_in_deck_id, deck_id, card_name, quantity, in_main_deck) VALUES (66, 3, 'Spelunking', 2, TRUE);
INSERT INTO CARD_IN_DECK (card_in_deck_id, deck_id, card_name, quantity, in_main_deck) VALUES (67, 3, 'Bojuka Bog', 1, TRUE);
INSERT INTO CARD_IN_DECK (card_in_deck_id, deck_id, card_name, quantity, in_main_deck) VALUES (68, 3, 'Boros Garrison', 1, TRUE);
INSERT INTO CARD_IN_DECK (card_in_deck_id, deck_id, card_name, quantity, in_main_deck) VALUES (69, 3, 'Boseiju, Who Endures', 3, TRUE);
INSERT INTO CARD_IN_DECK (card_in_deck_id, deck_id, card_name, quantity, in_main_deck) VALUES (70, 3, 'Cavern of Souls', 1, TRUE);
INSERT INTO CARD_IN_DECK (card_in_deck_id, deck_id, card_name, quantity, in_main_deck) VALUES (71, 3, 'Forest', 4, TRUE);
INSERT INTO CARD_IN_DECK (card_in_deck_id, deck_id, card_name, quantity, in_main_deck) VALUES (72, 3, 'Golgari Rot Farm', 3, TRUE);
INSERT INTO CARD_IN_DECK (card_in_deck_id, deck_id, card_name, quantity, in_main_deck) VALUES (73, 3, 'Gruul Turf', 1, TRUE);
INSERT INTO CARD_IN_DECK (card_in_deck_id, deck_id, card_name, quantity, in_main_deck) VALUES (74, 3, 'Selesnya Sanctuary', 1, TRUE);
INSERT INTO CARD_IN_DECK (card_in_deck_id, deck_id, card_name, quantity, in_main_deck) VALUES (75, 3, 'Simic Growth Chamber', 4, TRUE);
INSERT INTO CARD_IN_DECK (card_in_deck_id, deck_id, card_name, quantity, in_main_deck) VALUES (76, 3, 'Slayers'' Stronghold', 1, TRUE);
INSERT INTO CARD_IN_DECK (card_in_deck_id, deck_id, card_name, quantity, in_main_deck) VALUES (77, 3, 'Sunhome, Fortress of the Legion', 1, TRUE);
INSERT INTO CARD_IN_DECK (card_in_deck_id, deck_id, card_name, quantity, in_main_deck) VALUES (78, 3, 'The Mycosynth Gardens', 2, TRUE);
INSERT INTO CARD_IN_DECK (card_in_deck_id, deck_id, card_name, quantity, in_main_deck) VALUES (79, 3, 'Tolaria West', 2, TRUE);
INSERT INTO CARD_IN_DECK (card_in_deck_id, deck_id, card_name, quantity, in_main_deck) VALUES (80, 3, 'Urza''s Saga', 4, TRUE);
INSERT INTO CARD_IN_DECK (card_in_deck_id, deck_id, card_name, quantity, in_main_deck) VALUES (81, 3, 'Valakut, The Molten Pinnacle', 2, TRUE);
INSERT INTO CARD_IN_DECK (card_in_deck_id, deck_id, card_name, quantity, in_main_deck) VALUES (82, 3, 'Vesuva', 1, TRUE);
INSERT INTO CARD_IN_DECK (card_in_deck_id, deck_id, card_name, quantity, in_main_deck) VALUES (83, 3, 'Boseiju, Who Endures', 1, FALSE);
INSERT INTO CARD_IN_DECK (card_in_deck_id, deck_id, card_name, quantity, in_main_deck) VALUES (84, 3, 'Engineered Explosives', 2, FALSE);
INSERT INTO CARD_IN_DECK (card_in_deck_id, deck_id, card_name, quantity, in_main_deck) VALUES (85, 3, 'Swan Song', 2, FALSE);
INSERT INTO CARD_IN_DECK (card_in_deck_id, deck_id, card_name, quantity, in_main_deck) VALUES (86, 3, 'Tear Asunder', 2, FALSE);
INSERT INTO CARD_IN_DECK (card_in_deck_id, deck_id, card_name, quantity, in_main_deck) VALUES (87, 3, 'Dismember', 3, FALSE);
INSERT INTO CARD_IN_DECK (card_in_deck_id, deck_id, card_name, quantity, in_main_deck) VALUES (88, 3, 'Endurance', 2, FALSE);
INSERT INTO CARD_IN_DECK (card_in_deck_id, deck_id, card_name, quantity, in_main_deck) VALUES (89, 3, 'Force of Vigor', 1, FALSE);
INSERT INTO CARD_IN_DECK (card_in_deck_id, deck_id, card_name, quantity, in_main_deck) VALUES (90, 3, 'Generous Ent', 2, TRUE);